,Target,ArchiveTarget,description,category,RA,DEC,WFIPA_off,V3PA_off,V3PA_ori,CAR,Region,Target_Source,RA_Source,Dec_Source,MPA_ThetaX,MPA_ThetaY,N_FRAME,N_EXP,N_FILT,Filter,MA Table,Resultant
0,SCA14_vertical_001,SCA14_vertical_001,Stray light test,Calibration,206.76370387676528,49.02791528774051,82.67953710251396,142.67953710251396,142.77004617106255,171.1,Outer PSF,EtaUma,206.88515734206297,49.31326672942533,0.273,0.1149,55,2,1,F158,IM_171_10,10
1,SCA14_horizontal_002,SCA14_horizontal_002,Stray light test,Calibration,206.7002234363141,49.09172074427567,82.63125079442796,142.63125079442796,142.77004617106255,171.1,Outer PSF,EtaUma,206.88515734206297,49.31326672942533,0.2044,0.148,55,2,1,F158,IM_171_10,10
2,SCA5_vertical_003,SCA5_vertical_003,Stray light test,Calibration,206.65644858216544,49.567698728923084,82.59622465145475,142.59622465145475,142.77004617106255,171.1,Outer PSF,EtaUma,206.88515734206297,49.31326672942533,-0.2713,0.1151,55,2,1,F158,IM_171_10,10
3,SCA5_horizontal_004,SCA5_horizontal_004,Stray light test,Calibration,206.61969549841064,49.49531373303607,82.56853325675297,142.56853325675297,142.77004617106255,171.1,Outer PSF,EtaUma,206.88515734206297,49.31326672942533,-0.2026,0.1481,55,2,1,F158,IM_171_10,10
4,SCA14_cen_005,SCA14_cen_005,Stray light test,Calibration,219.39740381225792,53.8258673225463,94.33910087767049,154.3391008776705,154.47232837685834,171.1,Inner PSF,HD128998,219.56342300701,54.02334039339999,0.2044,0.0823,55,2,1,F158,IM_171_10,10
5,SCA5_cen_006,SCA5_cen_006,Stray light test,Calibration,219.44974939991286,54.2318027508744,94.38014293645676,154.38014293645676,154.47232837685834,171.1,Inner PSF,HD128998,219.56342300701,54.02334039339999,-0.2027,0.0825,55,2,1,F158,IM_171_10,10
6,SCA14_vertical_007,SCA14_vertical_007,Stray light test,Calibration,206.76370387676528,49.02791528774051,82.67953710251396,142.67953710251396,142.77004617106255,171.1,Outer PSF,EtaUma,206.88515734206297,49.31326672942533,0.273,0.1149,55,2,8,Each ,IM_171_10,10
7,SCA14_horizontal_008,SCA14_horizontal_008,Stray light test,Calibration,206.7002234363141,49.09172074427567,82.63125079442796,142.63125079442796,142.77004617106255,171.1,Outer PSF,EtaUma,206.88515734206297,49.31326672942533,0.2044,0.148,55,2,8,Each ,IM_171_10,10
8,SCA5_vertical_009,SCA5_vertical_009,Stray light test,Calibration,206.65644858216544,49.567698728923084,82.59622465145475,142.59622465145475,142.77004617106255,171.1,Outer PSF,EtaUma,206.88515734206297,49.31326672942533,-0.2713,0.1151,55,2,8,Each ,IM_171_10,10
9,SCA5_horizontal_010,SCA5_horizontal_010,Stray light test,Calibration,206.61969549841064,49.49531373303607,82.56853325675297,142.56853325675297,142.77004617106255,171.1,Outer PSF,EtaUma,206.88515734206297,49.31326672942533,-0.2026,0.1481,55,2,8,Each ,IM_171_10,10
10,SCA14_cen_011,SCA14_cen_011,Stray light test,Calibration,219.39740381225792,53.8258673225463,94.33910087767049,154.3391008776705,154.47232837685834,171.1,Inner PSF,HD128998,219.56342300701,54.02334039339999,0.2044,0.0823,55,2,8,Each ,IM_171_10,10
11,SCA5_cen_012,SCA5_cen_012,Stray light test,Calibration,219.44974939991286,54.2318027508744,94.38014293645676,154.38014293645676,154.47232837685834,171.1,Inner PSF,HD128998,219.56342300701,54.02334039339999,-0.2027,0.0825,55,2,8,Each ,IM_171_10,10
12,OUT_pos_1_a_013,OUT_pos_1_a_013,Stray light test,Calibration,88.23938768241827,-48.53277317761877,98.22514198825647,158.22514198825647,152.35596676538606,171.2,Outer stray,Canopus,95.98795782918306,-52.69566138386201,-3.7,5.27,55,4,1,F158,IM_193_11,11
13,OUT_pos_1_b_014,OUT_pos_1_b_014,Stray light test,Calibration,86.31433202954827,-55.78961179315671,100.27424017134857,160.27424017134857,152.35596676538606,171.2,Outer stray,Canopus,95.98795782918306,-52.69566138386201,3.7,5.27,55,4,1,F158,IM_193_11,11
14,OUT_pos_1_c_015,OUT_pos_1_c_015,Stray light test,Calibration,93.20664533453849,-58.65779842740632,94.83841053235335,154.83841053235335,152.35596676538606,171.2,Outer stray,Canopus,95.98795782918306,-52.69566138386201,6.05,1.18,55,4,1,F158,IM_193_11,11
15,OUT_pos_1_d_016,OUT_pos_1_d_016,Stray light test,Calibration,104.68455932552735,-55.02936936602448,85.18359218153768,145.18359218153768,152.35596676538606,171.2,Outer stray,Canopus,95.98795782918306,-52.69566138386201,2.45,-5.07,55,4,1,F158,IM_193_11,11
16,OUT_pos_1_e_017,OUT_pos_1_e_017,Stray light test,Calibration,104.0673677518411,-50.171613316372344,85.98838459072371,145.9883845907237,152.35596676538606,171.2,Outer stray,Canopus,95.98795782918306,-52.69566138386201,-2.45,-5.07,55,4,1,F158,IM_193_11,11
17,OUT_pos_1_f_018,OUT_pos_1_f_018,Stray light test,Calibration,94.64784294516433,-46.593170131837965,93.47214669975793,153.47214669975793,152.35596676538606,171.2,Outer stray,Canopus,95.98795782918306,-52.69566138386201,-6.05,1.18,55,4,1,F158,IM_193_11,11
18,OUT_pos_2_a_019,OUT_pos_2_a_019,Stray light test,Calibration,86.50627520524606,-50.073641415054546,99.60996635121396,159.60996635121396,152.35596676538606,171.2,Outer stray,Canopus,95.98795782918306,-52.69566138386201,-2.0,6.15,55,4,1,F158,IM_193_11,11
19,OUT_pos_2_b_020,OUT_pos_2_b_020,Stray light test,Calibration,85.3627008151486,-53.97538032921261,100.84108970394502,160.84108970394502,152.35596676538606,171.2,Outer stray,Canopus,95.98795782918306,-52.69566138386201,2.0,6.15,55,4,1,F158,IM_193_11,11
20,OUT_pos_3_a_021,OUT_pos_3_a_021,Stray light test,Calibration,94.47369094372475,-51.345932898706174,93.54754107825903,153.54754107825903,152.35596676538606,171.2,Outer stray,Canopus,95.98795782918306,-52.69566138386201,-1.3,1.0,55,4,1,F158,IM_193_11,11
21,OUT_pos_3_b_022,OUT_pos_3_b_022,Stray light test,Calibration,94.19902124789664,-53.93989751902855,93.80559014424503,153.80559014424503,152.35596676538606,171.2,Outer stray,Canopus,95.98795782918306,-52.69566138386201,1.3,1.0,55,4,1,F158,IM_193_11,11
22,IN_pos_4_a_023,IN_pos_4_a_023,Stray light test,Calibration,96.04397497113908,-52.628188748535216,92.31118689789812,152.31118689789812,152.35596676538606,171.2,Outer stray,Canopus,95.98795782918306,-52.69566138386201,-0.0688,-0.0312,55,4,1,F158,IM_193_11,11
23,IN_pos_4_b_024,IN_pos_4_b_024,Stray light test,Calibration,96.03480378051869,-52.76567658307744,92.31872364138539,152.3187236413854,152.35596676538606,171.2,Outer stray,Canopus,95.98795782918306,-52.69566138386201,0.0688,-0.0312,55,4,1,F158,IM_193_11,11
24,IN_pos_5_a_025,IN_pos_5_a_025,Stray light test,Calibration,96.00303999430577,-52.55792091300406,92.34374322808648,152.34374322808648,152.35596676538606,171.2,Outer stray,Canopus,95.98795782918306,-52.69566138386201,-0.138,-0.0035,55,4,1,F158,IM_193_11,11
25,IN_pos_5_b_026,IN_pos_5_b_026,Stray light test,Calibration,95.98650488076223,-52.83374203793115,92.35747319752704,152.35747319752704,152.35596676538606,171.2,Outer stray,Canopus,95.98795782918306,-52.69566138386201,0.138,-0.0048,55,4,1,F158,IM_193_11,11
26,SCAN_RCHANNEL_027,SCAN_RCHANNEL_027,Stray light test,Calibration,88.71597612365193,-48.072425790661114,97.85381586134639,157.8538158613464,152.35596676538606,171.2,Outer stray,Canopus,95.98795782918306,-52.69566138386201,-4.2,5.02,55,4,1,F158,IM_193_11,11
27,SCAN_RCHANNEL_028,SCAN_RCHANNEL_028,Stray light test,Calibration,88.5078443579604,-48.22204991060156,98.01320572054192,158.01320572054192,152.35596676538606,171.2,Outer stray,Canopus,95.98795782918306,-52.69566138386201,-4.033,5.1369,55,4,1,F158,IM_193_11,11
28,SCAN_RCHANNEL_029,SCAN_RCHANNEL_029,Stray light test,Calibration,88.2997888952725,-48.37034989877669,98.17314877345893,158.17314877345893,152.35596676538606,171.2,Outer stray,Canopus,95.98795782918306,-52.69566138386201,-3.867,5.2531,55,4,1,F158,IM_193_11,11
29,SCAN_RCHANNEL_030,SCAN_RCHANNEL_030,Stray light test,Calibration,88.08928917508322,-48.51910500401902,98.33558406005696,158.33558406005696,152.35596676538606,171.2,Outer stray,Canopus,95.98795782918306,-52.69566138386201,-3.7,5.37,55,4,1,F158,IM_193_11,11
30,SCAN_RCHANNEL_031,SCAN_RCHANNEL_031,Stray light test,Calibration,87.87758103930553,-48.66741294478752,98.49956472169197,158.49956472169197,152.35596676538606,171.2,Outer stray,Canopus,95.98795782918306,-52.69566138386201,-3.533,5.4869,55,4,1,F158,IM_193_11,11
31,SCAN_RCHANNEL_032,SCAN_RCHANNEL_032,Stray light test,Calibration,87.66976504644066,-48.81173002643354,98.66111956945201,158.661119569452,152.35596676538606,171.2,Outer stray,Canopus,95.98795782918306,-52.69566138386201,-3.37,5.601,55,4,1,F158,IM_193_11,11
32,SCAN_RCHANNEL_033,SCAN_RCHANNEL_033,Stray light test,Calibration,87.45176977401067,-48.961775356748575,98.83120521405709,158.8312052140571,152.35596676538606,171.2,Outer stray,Canopus,95.98795782918306,-52.69566138386201,-3.2,5.72,55,4,1,F158,IM_193_11,11
33,SCAN_ROGUEPATH_034,SCAN_ROGUEPATH_034,Stray light test,Calibration,86.50750794362145,-50.07376936188187,99.60904800049767,159.60904800049767,152.35596676538606,171.2,Outer stray,Canopus,95.98795782918306,-52.69566138386201,-2.0,6.1492,55,4,1,F158,IM_193_11,11
34,SCAN_ROGUEPATH_035,SCAN_ROGUEPATH_035,Stray light test,Calibration,87.02594538591829,-49.55640049490662,99.18461159958542,159.18461159958542,152.35596676538606,171.2,Outer stray,Canopus,95.98795782918306,-52.69566138386201,-2.567,5.9027,55,4,1,F158,IM_193_11,11
35,SCAN_ROGUEPATH_036,SCAN_ROGUEPATH_036,Stray light test,Calibration,86.14321442598431,-50.936491774709864,99.95105971608308,159.95105971608308,152.35596676538606,171.2,Outer stray,Canopus,95.98795782918306,-52.69566138386201,-1.1041,6.2326,55,4,1,F158,IM_193_11,11
36,SCAN_ROGUEPATH_037,SCAN_ROGUEPATH_037,Stray light test,Calibration,85.34108739751187,-50.77375971064336,100.54623608170999,160.54623608171,152.35596676538606,171.2,Outer stray,Canopus,95.98795782918306,-52.69566138386201,-1.1784,6.7592,55,4,1,F158,IM_193_11,11
37,SCAN_ROGUEPATH_038,SCAN_ROGUEPATH_038,Stray light test,Calibration,85.92412907479462,-49.84684059510991,100.03006299075867,160.03006299075867,152.35596676538606,171.2,Outer stray,Canopus,95.98795782918306,-52.69566138386201,-2.1641,6.5565,55,4,1,F158,IM_193_11,11
38,SCAN_ROGUEPATH_039,SCAN_ROGUEPATH_039,Stray light test,Calibration,86.53366862003524,-49.35136547348478,99.53859352818412,159.53859352818412,152.35596676538606,171.2,Outer stray,Canopus,95.98795782918306,-52.69566138386201,-2.7211,6.2505,55,4,1,F158,IM_193_11,11
39,SCAN_ROGUEPATH_040,SCAN_ROGUEPATH_040,Stray light test,Calibration,86.60163995131458,-51.03264186631531,99.60958323356732,159.60958323356732,152.35596676538606,171.2,Outer stray,Canopus,95.98795782918306,-52.69566138386201,-1.0562,5.9322,55,4,1,F158,IM_193_11,11
40,SCAN_ROGUEPATH_041,SCAN_ROGUEPATH_041,Stray light test,Calibration,87.14472851064743,-50.26850113327559,99.14216783788609,159.1421678378861,152.35596676538606,171.2,Outer stray,Canopus,95.98795782918306,-52.69566138386201,-1.8705,5.7158,55,4,1,F158,IM_193_11,11
41,SCAN_ROGUEPATH_042,SCAN_ROGUEPATH_042,Stray light test,Calibration,87.61319329241081,-49.7867580104753,98.75851477418811,158.75851477418811,152.35596676538606,171.2,Outer stray,Canopus,95.98795782918306,-52.69566138386201,-2.3948,5.4927,55,4,1,F158,IM_193_11,11
42,SCAN_ROGUEPATH_043,SCAN_ROGUEPATH_043,Stray light test,Calibration,85.57256401334095,-50.309310245421855,100.33137960952786,160.33137960952786,152.35596676538606,171.2,Outer stray,Canopus,95.98795782918306,-52.69566138386201,-1.6659,6.6978,55,4,1,F158,IM_193_11,11
43,SCAN_ROGUEPATH_044,SCAN_ROGUEPATH_044,Stray light test,Calibration,86.3241601029344,-50.517220906788204,99.78059011214845,159.78059011214845,152.35596676538606,171.2,Outer stray,Canopus,95.98795782918306,-52.69566138386201,-1.54,6.1909,55,4,1,F158,IM_193_11,11
44,SCAN_ROGUEPATH_045,SCAN_ROGUEPATH_045,Stray light test,Calibration,86.84861531201733,-50.64266686106329,99.39254554126981,159.3925455412698,152.35596676538606,171.2,Outer stray,Canopus,95.98795782918306,-52.69566138386201,-1.469,5.8422,55,4,1,F158,IM_193_11,11
45,SCAN_ROGUEPATH_046,SCAN_ROGUEPATH_046,Stray light test,Calibration,84.71737905687831,-51.88763374507514,101.12773621811334,161.12773621811334,152.35596676538606,171.2,Outer stray,Canopus,95.98795782918306,-52.69566138386201,0.0,6.9335,55,4,1,F158,IM_193_11,11
46,SCAN_ROGUEPATH_047,SCAN_ROGUEPATH_047,Stray light test,Calibration,85.66510266572952,-51.99550440094699,100.40892080352691,160.4089208035269,152.35596676538606,171.2,Outer stray,Canopus,95.98795782918306,-52.69566138386201,0.0,6.3394,55,4,1,F158,IM_193_11,11
47,SCAN_ROGUEPATH_048,SCAN_ROGUEPATH_048,Stray light test,Calibration,86.15601137554633,-52.04853281694852,100.03508552871673,160.03508552871673,152.35596676538606,171.2,Outer stray,Canopus,95.98795782918306,-52.69566138386201,0.0,6.0327,55,4,1,F158,IM_193_11,11
48,SCAN_ROGUEPATH_049,SCAN_ROGUEPATH_049,Stray light test,Calibration,85.3640356511369,-53.97552921238266,100.84005127456243,160.84005127456243,152.35596676538606,171.2,Outer stray,Canopus,95.98795782918306,-52.69566138386201,2.0,6.1492,55,4,1,F158,IM_193_11,11
49,SCAN_ROGUEPATH_050,SCAN_ROGUEPATH_050,Stray light test,Calibration,85.59484769216431,-54.57211952966078,100.72068478940284,160.72068478940284,152.35596676538606,171.2,Outer stray,Canopus,95.98795782918306,-52.69566138386201,2.567,5.9027,55,4,1,F158,IM_193_11,11
50,SCAN_ROGUEPATH_051,SCAN_ROGUEPATH_051,Stray light test,Calibration,85.50799062267902,-53.089414751730025,100.6357621160468,160.6357621160468,152.35596676538606,171.2,Outer stray,Canopus,95.98795782918306,-52.69566138386201,1.1041,6.2326,55,4,1,F158,IM_193_11,11
51,SCAN_ROGUEPATH_052,SCAN_ROGUEPATH_052,Stray light test,Calibration,84.62404528461633,-53.06310403919412,101.32306978125251,161.3230697812525,152.35596676538606,171.2,Outer stray,Canopus,95.98795782918306,-52.69566138386201,1.1784,6.7592,55,4,1,F158,IM_193_11,11
52,SCAN_ROGUEPATH_053,SCAN_ROGUEPATH_053,Stray light test,Calibration,84.6301567360127,-54.05683278011797,101.42861170854141,161.4286117085414,152.35596676538606,171.2,Outer stray,Canopus,95.98795782918306,-52.69566138386201,2.1641,6.5565,55,4,1,F158,IM_193_11,11
53,SCAN_ROGUEPATH_054,SCAN_ROGUEPATH_054,Stray light test,Calibration,84.95462168424903,-54.655766213535316,101.23946166542967,161.23946166542967,152.35596676538606,171.2,Outer stray,Canopus,95.98795782918306,-52.69566138386201,2.7211,6.2505,55,4,1,F158,IM_193_11,11
54,SCAN_ROGUEPATH_055,SCAN_ROGUEPATH_055,Stray light test,Calibration,86.0143154245154,-53.096277148771456,100.24068129317004,160.24068129317004,152.35596676538606,171.2,Outer stray,Canopus,95.98795782918306,-52.69566138386201,1.0562,5.9322,55,4,1,F158,IM_193_11,11
55,SCAN_ROGUEPATH_056,SCAN_ROGUEPATH_056,Stray light test,Calibration,86.12806751640409,-53.927990279737664,100.23163522917517,160.23163522917517,152.35596676538606,171.2,Outer stray,Canopus,95.98795782918306,-52.69566138386201,1.8705,5.7158,55,4,1,F158,IM_193_11,11
56,SCAN_ROGUEPATH_057,SCAN_ROGUEPATH_057,Stray light test,Calibration,86.34325546193804,-54.4782570718511,100.11547200028943,160.11547200028943,152.35596676538606,171.2,Outer stray,Canopus,95.98795782918306,-52.69566138386201,2.3948,5.4927,55,4,1,F158,IM_193_11,11
57,SCAN_ROGUEPATH_058,SCAN_ROGUEPATH_058,Stray light test,Calibration,84.56377838784782,-53.547042099526536,101.4234472797921,161.4234472797921,152.35596676538606,171.2,Outer stray,Canopus,95.98795782918306,-52.69566138386201,1.6659,6.6978,55,4,1,F158,IM_193_11,11
58,SCAN_ROGUEPATH_059,SCAN_ROGUEPATH_059,Stray light test,Calibration,85.44113789611376,-53.52086946535593,100.73183270511649,160.7318327051165,152.35596676538606,171.2,Outer stray,Canopus,95.98795782918306,-52.69566138386201,1.54,6.1909,55,4,1,F158,IM_193_11,11
59,SCAN_ROGUEPATH_060,SCAN_ROGUEPATH_060,Stray light test,Calibration,86.03933741129751,-53.51443551035249,100.26116150338487,160.26116150338487,152.35596676538606,171.2,Outer stray,Canopus,95.98795782918306,-52.69566138386201,1.469,5.8422,55,4,1,F158,IM_193_11,11
60,SCAN_DRAGON1_061,SCAN_DRAGON1_061,Stray light test,Calibration,96.04729290884232,-52.57822934227339,92.30849862266359,152.3084986226636,152.35596676538606,171.2,Outer stray,Canopus,95.98795782918306,-52.69566138386201,-0.1188,-0.0312,55,4,1,F158,IM_193_11,11
61,SCAN_DRAGON1_062,SCAN_DRAGON1_062,Stray light test,Calibration,96.0456348986157,-52.60320905601186,92.30983941731816,152.30983941731816,152.35596676538606,171.2,Outer stray,Canopus,95.98795782918306,-52.69566138386201,-0.0938,-0.0312,55,4,1,F158,IM_193_11,11
62,SCAN_DRAGON1_063,SCAN_DRAGON1_063,Stray light test,Calibration,96.04397497113908,-52.628188748535216,92.31118689789812,152.31118689789812,152.35596676538606,171.2,Outer stray,Canopus,95.98795782918306,-52.69566138386201,-0.0688,-0.0312,55,4,1,F158,IM_193_11,11
63,SCAN_DRAGON1_064,SCAN_DRAGON1_064,Stray light test,Calibration,96.04231311231389,-52.65316841954547,92.31254107639879,152.3125410763988,152.35596676538606,171.2,Outer stray,Canopus,95.98795782918306,-52.69566138386201,-0.0438,-0.0312,55,4,1,F158,IM_193_11,11
64,SCAN_DRAGON1_065,SCAN_DRAGON1_065,Stray light test,Calibration,96.04064930800789,-52.678148068743944,92.31390196485307,152.31390196485307,152.35596676538606,171.2,Outer stray,Canopus,95.98795782918306,-52.69566138386201,-0.0188,-0.0312,55,4,1,F158,IM_193_11,11
65,SCAN_DRAGON1_066,SCAN_DRAGON1_066,Stray light test,Calibration,96.04759648654812,-52.62827740806113,92.30829938540626,152.30829938540626,152.35596676538606,171.2,Outer stray,Canopus,95.98795782918306,-52.69566138386201,-0.0688,-0.0334,55,4,1,F158,IM_193_11,11
66,SCAN_DRAGON1_067,SCAN_DRAGON1_067,Stray light test,Calibration,96.04660879907523,-52.62825323920521,92.30908689393218,152.30908689393218,152.35596676538606,171.2,Outer stray,Canopus,95.98795782918306,-52.69566138386201,-0.0688,-0.0328,55,4,1,F158,IM_193_11,11
67,SCAN_DRAGON1_068,SCAN_DRAGON1_068,Stray light test,Calibration,96.04562111269132,-52.628229062088145,92.30987439861906,152.30987439861906,152.35596676538606,171.2,Outer stray,Canopus,95.98795782918306,-52.69566138386201,-0.0688,-0.0322,55,4,1,F158,IM_193_11,11
68,SCAN_DRAGON1_069,SCAN_DRAGON1_069,Stray light test,Calibration,96.04446881328693,-52.62820084501053,92.31079314923434,152.31079314923434,152.35596676538606,171.2,Outer stray,Canopus,95.98795782918306,-52.69566138386201,-0.0688,-0.0315,55,4,1,F158,IM_193_11,11
69,SCAN_DRAGON1_070,SCAN_DRAGON1_070,Stray light test,Calibration,96.04348112926371,-52.628176649994685,92.31158064560188,152.31158064560188,152.35596676538606,171.2,Outer stray,Canopus,95.98795782918306,-52.69566138386201,-0.0688,-0.0309,55,4,1,F158,IM_193_11,11
70,SCAN_DRAGON1_071,SCAN_DRAGON1_071,Stray light test,Calibration,96.04232883261446,-52.628148412035436,92.31249938651024,152.31249938651024,152.35596676538606,171.2,Outer stray,Canopus,95.98795782918306,-52.69566138386201,-0.0688,-0.0302,55,4,1,F158,IM_193_11,11
71,SCAN_DRAGON1_072,SCAN_DRAGON1_072,Stray light test,Calibration,96.04134115095367,-52.62812419912126,92.31328687455661,152.3132868745566,152.35596676538606,171.2,Outer stray,Canopus,95.98795782918306,-52.69566138386201,-0.0688,-0.0296,55,4,1,F158,IM_193_11,11
72,SCAN_DRAGON1_073,SCAN_DRAGON1_073,Stray light test,Calibration,96.04035347038379,-52.6280999779465,92.31407435876193,152.31407435876193,152.35596676538606,171.2,Outer stray,Canopus,95.98795782918306,-52.69566138386201,-0.0688,-0.029,55,4,1,F158,IM_193_11,11
73,SCAN_DRAGON2_074,SCAN_DRAGON2_074,Stray light test,Calibration,96.00266328316565,-52.56351622876415,92.34404847688592,152.34404847688592,152.35596676538606,171.2,Outer stray,Canopus,95.98795782918306,-52.69566138386201,-0.1324,-0.0035,55,4,1,F158,IM_193_11,11
74,SCAN_DRAGON2_075,SCAN_DRAGON2_075,Stray light test,Calibration,95.9949625798202,-52.56052200265998,92.35018057326076,152.35018057326076,152.35596676538606,171.2,Outer stray,Canopus,95.98795782918306,-52.69566138386201,-0.1352,0.0013,55,4,1,F158,IM_193_11,11
75,SCAN_DRAGON2_076,SCAN_DRAGON2_076,Stray light test,Calibration,95.99534024871362,-52.55492671192384,92.34987434264812,152.34987434264812,152.35596676538606,171.2,Outer stray,Canopus,95.98795782918306,-52.69566138386201,-0.1408,0.0013,55,4,1,F158,IM_193_11,11
76,SCAN_DRAGON2_077,SCAN_DRAGON2_077,Stray light test,Calibration,96.00341660837266,-52.55232559603841,92.34343831572818,152.34343831572818,152.35596676538606,171.2,Outer stray,Canopus,95.98795782918306,-52.69566138386201,-0.1436,-0.0035,55,4,1,F158,IM_193_11,11
77,SCAN_DRAGON2_078,SCAN_DRAGON2_078,Stray light test,Calibration,96.0111164482549,-52.55531927063465,92.33730687090974,152.33730687090974,152.35596676538606,171.2,Outer stray,Canopus,95.98795782918306,-52.69566138386201,-0.1408,-0.0083,55,4,1,F158,IM_193_11,11
78,SCAN_DRAGON2_079,SCAN_DRAGON2_079,Stray light test,Calibration,96.01074079204267,-52.56091461250006,92.33761080136566,152.33761080136566,152.35596676538606,171.2,Outer stray,Canopus,95.98795782918306,-52.69566138386201,-0.1352,-0.0083,55,4,1,F158,IM_193_11,11
79,SCAN_DRAGON2_080,SCAN_DRAGON2_080,Stray light test,Calibration,96.00266328316565,-52.56351622876415,92.34404847688592,152.34404847688592,152.35596676538606,171.2,Outer stray,Canopus,95.98795782918306,-52.69566138386201,-0.1324,-0.0035,55,4,1,F158,IM_193_11,11
80,NEGATIVE_GAP_1_081,NEGATIVE_GAP_1_081,Stray light test,Calibration,96.27309950041145,-52.76897169757466,92.1283824701913,152.1283824701913,152.35596676538606,171.2,Outer stray,Canopus,95.98795782918306,-52.69566138386201,0.0665,-0.1754,55,4,1,F158,IM_193_11,11
81,NEGATIVE_GAP_2_082,NEGATIVE_GAP_2_082,Stray light test,Calibration,96.28123867329403,-52.63606322696385,92.12192528807486,152.12192528807486,152.35596676538606,171.2,Outer stray,Canopus,95.98795782918306,-52.69566138386201,-0.0665,-0.1754,55,4,1,F158,IM_193_11,11
