,Activity name,CAR,Region,Lite?,Possible descope,MPA_ThetaX,MPA_ThetaY,Target source,N_FRAME,N_EXP,N_FILT,Time,Filter(s),Notes
0,SCA14_vertical,171.1,Outer PSF,TRUE,FALSE,0.273,0.1149,Canopus,55,2,1,8.8,F158,Risk reduction
1,SCA14_horizontal,171.1,Outer PSF,TRUE,FALSE,0.2044,0.148,Canopus,55,2,1,8.8,F158,Risk reduction
2,SCA5_vertical,171.1,Outer PSF,TRUE,FALSE,-0.2713,0.1151,Canopus,55,2,1,8.8,F158,Risk reduction
3,SCA5_horizontal,171.1,Outer PSF,TRUE,FALSE,-0.2026,0.1481,Canopus,55,2,1,8.8,F158,Risk reduction
4,SCA14_cen,171.1,Inner PSF,TRUE,FALSE,0.2044,0.0823,Canopus,55,2,1,8.8,F158,Risk reduction
5,SCA5_cen,171.1,Inner PSF,TRUE,FALSE,-0.2027,0.0825,Canopus,55,2,1,8.8,F158,Risk reduction
6,SCA14_vertical,171.1,Outer PSF,TRUE,FALSE,0.273,0.1149,Canopus,55,2,8,47.3,Each ,Each filter to look for ghosts
7,SCA14_horizontal,171.1,Outer PSF,TRUE,FALSE,0.2044,0.148,Canopus,55,2,8,47.3,Each ,
8,SCA5_vertical,171.1,Outer PSF,TRUE,FALSE,-0.2713,0.1151,Canopus,55,2,8,47.3,Each ,
9,SCA5_horizontal,171.1,Outer PSF,TRUE,FALSE,-0.2026,0.1481,Canopus,55,2,8,47.3,Each ,
10,SCA14_cen,171.1,Inner PSF,TRUE,FALSE,0.2044,0.0823,Canopus,55,2,8,47.3,Each ,
11,SCA5_cen,171.1,Inner PSF,TRUE,FALSE,-0.2027,0.0825,Canopus,55,2,8,47.3,Each ,
12,OUT_pos_1_a,171.2,Outer stray,TRUE,FALSE,-3.7,5.27,Canopus,55,4,1,14.3,F158,Secondary mirror leg - 1
13,OUT_pos_1_b,171.2,Outer stray,TRUE,FALSE,3.7,5.27,Canopus,55,4,1,14.3,F158,Secondary mirror leg - 2
14,OUT_pos_1_c,171.2,Outer stray,TRUE,FALSE,6.05,1.18,Canopus,55,4,1,14.3,F158,Secondary mirror leg - 3
15,OUT_pos_1_d,171.2,Outer stray,TRUE,FALSE,2.45,-5.07,Canopus,55,4,1,14.3,F158,Secondary mirror leg - 4
16,OUT_pos_1_e,171.2,Outer stray,TRUE,FALSE,-2.45,-5.07,Canopus,55,4,1,14.3,F158,Secondary mirror leg - 5
17,OUT_pos_1_f,171.2,Outer stray,TRUE,FALSE,-6.05,1.18,Canopus,55,4,1,14.3,F158,Secondary mirror leg - 6
18,OUT_pos_2_a,171.2,Outer stray,TRUE,FALSE,-2.0,6.15,Canopus,55,4,1,14.3,F158,Rogue path central lobe - 1
19,OUT_pos_2_b,171.2,Outer stray,TRUE,FALSE,2.0,6.15,Canopus,55,4,1,14.3,F158,Rogue path central lobe - 2
20,OUT_pos_3_a,171.2,Outer stray,TRUE,FALSE,-1.3,1.0,Canopus,55,4,1,14.3,F158,Inner ring - 1
21,OUT_pos_3_b,171.2,Outer stray,TRUE,FALSE,1.3,1.0,Canopus,55,4,1,14.3,F158,Inner ring - 2
22,IN_pos_4_a,171.2,Outer stray,TRUE,FALSE,-0.0688,-0.0312,Canopus,55,4,1,14.3,F158,Center lightshield SCA1
23,IN_pos_4_b,171.2,Outer stray,TRUE,FALSE,0.0688,-0.0312,Canopus,55,4,1,14.3,F158,Center lightshield SCA10
24,IN_pos_5_a,171.2,Outer stray,TRUE,FALSE,-0.138,-0.0035,Canopus,55,4,1,14.3,F158,Corner lightshield SCA1 - 4
25,IN_pos_5_b,171.2,Outer stray,TRUE,FALSE,0.138,-0.0048,Canopus,55,4,1,14.3,F158,Corner lightshield SCA10 - 13
26,SCAN_RCHANNEL,171.2,Outer stray,TRUE,FALSE,-4.2,5.02,Canopus,55,4,1,14.3,F158,Gap between SCA2 - 3
27,SCAN_RCHANNEL,171.2,Outer stray,TRUE,FALSE,-4.033,5.1369,Canopus,55,4,1,14.3,F158,Gap between SCA11 - 12
28,SCAN_RCHANNEL,171.2,Outer stray,TRUE,FALSE,-3.867,5.2531,Canopus,55,4,1,14.3,F158,Dithering pattern over secondary leg
29,SCAN_RCHANNEL,171.2,Outer stray,TRUE,FALSE,-3.7,5.37,Canopus,55,4,1,14.3,F158,Dithering pattern over secondary leg
30,SCAN_RCHANNEL,171.2,Outer stray,TRUE,FALSE,-3.533,5.4869,Canopus,55,4,1,14.3,F158,Dithering pattern over secondary leg
31,SCAN_RCHANNEL,171.2,Outer stray,TRUE,FALSE,-3.37,5.601,Canopus,55,4,1,14.3,F158,Dithering pattern over secondary leg
32,SCAN_RCHANNEL,171.2,Outer stray,TRUE,FALSE,-3.2,5.72,Canopus,55,4,1,14.3,F158,Dithering pattern over secondary leg
33,SCAN_ROGUEPATH,171.2,Outer stray,TRUE,FALSE,-2.0,6.1492,Canopus,55,4,1,14.3,F158,Dithering pattern over secondary leg
34,SCAN_ROGUEPATH,171.2,Outer stray,TRUE,FALSE,-2.567,5.9027,Canopus,55,4,1,14.3,F158,Dithering pattern over secondary leg
35,SCAN_ROGUEPATH,171.2,Outer stray,TRUE,FALSE,-1.1041,6.2326,Canopus,55,4,1,14.3,F158,Rogue path scan
36,SCAN_ROGUEPATH,171.2,Outer stray,TRUE,FALSE,-1.1784,6.7592,Canopus,55,4,1,14.3,F158,Rogue path scan
37,SCAN_ROGUEPATH,171.2,Outer stray,TRUE,FALSE,-2.1641,6.5565,Canopus,55,4,1,14.3,F158,Rogue path scan
38,SCAN_ROGUEPATH,171.2,Outer stray,TRUE,FALSE,-2.7211,6.2505,Canopus,55,4,1,14.3,F158,Rogue path scan
39,SCAN_ROGUEPATH,171.2,Outer stray,TRUE,FALSE,-1.0562,5.9322,Canopus,55,4,1,14.3,F158,Rogue path scan
40,SCAN_ROGUEPATH,171.2,Outer stray,TRUE,FALSE,-1.8705,5.7158,Canopus,55,4,1,14.3,F158,Rogue path scan
41,SCAN_ROGUEPATH,171.2,Outer stray,TRUE,FALSE,-2.3948,5.4927,Canopus,55,4,1,14.3,F158,Rogue path scan
42,SCAN_ROGUEPATH,171.2,Outer stray,TRUE,FALSE,-1.6659,6.6978,Canopus,55,4,1,14.3,F158,Rogue path scan
43,SCAN_ROGUEPATH,171.2,Outer stray,TRUE,FALSE,-1.54,6.1909,Canopus,55,4,1,14.3,F158,Rogue path scan
44,SCAN_ROGUEPATH,171.2,Outer stray,TRUE,FALSE,-1.469,5.8422,Canopus,55,4,1,14.3,F158,Rogue path scan
45,SCAN_ROGUEPATH,171.2,Outer stray,TRUE,FALSE,0.0,6.9335,Canopus,55,4,1,14.3,F158,Rogue path scan
46,SCAN_ROGUEPATH,171.2,Outer stray,TRUE,FALSE,0.0,6.3394,Canopus,55,4,1,14.3,F158,Rogue path scan
47,SCAN_ROGUEPATH,171.2,Outer stray,TRUE,FALSE,0.0,6.0327,Canopus,55,4,1,14.3,F158,Rogue path scan
48,SCAN_ROGUEPATH,171.2,Outer stray,TRUE,FALSE,2.0,6.1492,Canopus,55,4,1,14.3,F158,Rogue path scan
49,SCAN_ROGUEPATH,171.2,Outer stray,TRUE,FALSE,2.567,5.9027,Canopus,55,4,1,14.3,F158,Rogue path scan
50,SCAN_ROGUEPATH,171.2,Outer stray,TRUE,FALSE,1.1041,6.2326,Canopus,55,4,1,14.3,F158,Rogue path scan
51,SCAN_ROGUEPATH,171.2,Outer stray,TRUE,FALSE,1.1784,6.7592,Canopus,55,4,1,14.3,F158,Rogue path scan
52,SCAN_ROGUEPATH,171.2,Outer stray,TRUE,FALSE,2.1641,6.5565,Canopus,55,4,1,14.3,F158,Rogue path scan
53,SCAN_ROGUEPATH,171.2,Outer stray,TRUE,FALSE,2.7211,6.2505,Canopus,55,4,1,14.3,F158,Rogue path scan
54,SCAN_ROGUEPATH,171.2,Outer stray,TRUE,FALSE,1.0562,5.9322,Canopus,55,4,1,14.3,F158,Rogue path scan
55,SCAN_ROGUEPATH,171.2,Outer stray,TRUE,FALSE,1.8705,5.7158,Canopus,55,4,1,14.3,F158,Rogue path scan
56,SCAN_ROGUEPATH,171.2,Outer stray,TRUE,FALSE,2.3948,5.4927,Canopus,55,4,1,14.3,F158,Rogue path scan
57,SCAN_ROGUEPATH,171.2,Outer stray,TRUE,FALSE,1.6659,6.6978,Canopus,55,4,1,14.3,F158,Rogue path scan
58,SCAN_ROGUEPATH,171.2,Outer stray,TRUE,FALSE,1.54,6.1909,Canopus,55,4,1,14.3,F158,Rogue path scan
59,SCAN_ROGUEPATH,171.2,Outer stray,TRUE,FALSE,1.469,5.8422,Canopus,55,4,1,14.3,F158,Rogue path scan
60,SCAN_DRAGON1,171.2,Outer stray,TRUE,FALSE,-0.1188,-0.0312,Canopus,55,4,1,14.3,F158,Rogue path scan
61,SCAN_DRAGON1,171.2,Outer stray,TRUE,FALSE,-0.0938,-0.0312,Canopus,55,4,1,14.3,F158,Rogue path scan
62,SCAN_DRAGON1,171.2,Outer stray,TRUE,FALSE,-0.0688,-0.0312,Canopus,55,4,1,14.3,F158,Central light shield scan
63,SCAN_DRAGON1,171.2,Outer stray,TRUE,FALSE,-0.0438,-0.0312,Canopus,55,4,1,14.3,F158,Central light shield scan
64,SCAN_DRAGON1,171.2,Outer stray,TRUE,FALSE,-0.0188,-0.0312,Canopus,55,4,1,14.3,F158,Central light shield scan
65,SCAN_DRAGON1,171.2,Outer stray,TRUE,FALSE,-0.0688,-0.0334,Canopus,55,4,1,14.3,F158,Central light shield scan
66,SCAN_DRAGON1,171.2,Outer stray,TRUE,FALSE,-0.0688,-0.0328,Canopus,55,4,1,14.3,F158,Central light shield scan
67,SCAN_DRAGON1,171.2,Outer stray,TRUE,FALSE,-0.0688,-0.0322,Canopus,55,4,1,14.3,F158,Central light shield scan
68,SCAN_DRAGON1,171.2,Outer stray,TRUE,FALSE,-0.0688,-0.0315,Canopus,55,4,1,14.3,F158,Central light shield scan
69,SCAN_DRAGON1,171.2,Outer stray,TRUE,FALSE,-0.0688,-0.0309,Canopus,55,4,1,14.3,F158,Central light shield scan
70,SCAN_DRAGON1,171.2,Outer stray,TRUE,FALSE,-0.0688,-0.0302,Canopus,55,4,1,14.3,F158,Central light shield scan
71,SCAN_DRAGON1,171.2,Outer stray,TRUE,FALSE,-0.0688,-0.0296,Canopus,55,4,1,14.3,F158,Central light shield scan
72,SCAN_DRAGON1,171.2,Outer stray,TRUE,FALSE,-0.0688,-0.029,Canopus,55,4,1,14.3,F158,Central light shield scan
73,SCAN_DRAGON2,171.2,Outer stray,TRUE,FALSE,-0.1324,-0.0035,Canopus,55,4,1,14.3,F158,Central light shield scan
74,SCAN_DRAGON2,171.2,Outer stray,TRUE,FALSE,-0.1352,0.0013,Canopus,55,4,1,14.3,F158,Central light shield scan
75,SCAN_DRAGON2,171.2,Outer stray,TRUE,FALSE,-0.1408,0.0013,Canopus,55,4,1,14.3,F158,Corner light shield scan
76,SCAN_DRAGON2,171.2,Outer stray,TRUE,FALSE,-0.1436,-0.0035,Canopus,55,4,1,14.3,F158,Corner light shield scan
77,SCAN_DRAGON2,171.2,Outer stray,TRUE,FALSE,-0.1408,-0.0083,Canopus,55,4,1,14.3,F158,Corner light shield scan
78,SCAN_DRAGON2,171.2,Outer stray,TRUE,FALSE,-0.1352,-0.0083,Canopus,55,4,1,14.3,F158,Corner light shield scan
79,SCAN_DRAGON2,171.2,Outer stray,TRUE,FALSE,-0.1324,-0.0035,Canopus,55,4,1,14.3,F158,Corner light shield scan
80,NEGATIVE_GAP_1,171.2,Outer stray,TRUE,FALSE,0.0665,-0.1754,Canopus,55,4,1,14.3,F158,Corner light shield scan
81,NEGATIVE_GAP_2,171.2,Outer stray,TRUE,FALSE,-0.0665,-0.1754,Canopus,55,4,1,14.3,F158,Corner light shield scan
